QuestionId_Answer,MisconceptionId
1001_A,2330 1379 1988 1605 1675 2515 1272 1529 1248 822 2392 123 322 1402 1727 1359 424 1449 2116 2162 37 1861 1355 2144 837
1001_C,2330 1379 1988 1605 1675 2515 1248 1272 1529 2392 822 123 322 1727 1402 1449 1359 424 2116 1861 37 2162 837 1355 2144
1001_D,2330 1379 1988 1605 2515 1675 1248 1272 2392 822 1529 123 322 1727 1402 1449 424 2116 1359 1861 837 37 2162 1867 1355
1006_A,1883 2353 2332 2450 1788 2197 305 2103 396 2388 1175 877 828 1678 535 881 2397 1357 2204 2302 1780 272 833 1899 700
1006_C,1883 2353 2332 2450 1788 2197 305 2103 396 1175 2388 877 828 535 1678 881 1357 2302 2397 2204 833 272 1780 1899 700
1006_D,2353 305 1883 396 2450 2332 1788 2103 1175 2197 2388 877 18 2397 110 1780 1357 828 1678 653 535 686 1292 881 449
1014_A,520 516 674 458 2271 481 656 657 879 1026 2233 662 575 2530 1261 1214 2326 1251 566 617 1075 1878 234 568 1516
1014_B,520 516 458 674 2271 656 481 1026 657 879 2233 575 662 2530 1261 1251 566 1214 617 1878 2326 1075 568 2520 947
1014_D,520 516 674 458 481 2271 656 1026 657 879 575 662 566 1214 2530 617 2326 568 1383 1251 2487 2233 1360 234 1924
1021_B,807 1766 2425 1771 471 1701 1494 2436 1694 1448 783 1803 922 1826 1598 2577 540 152 1324 49 379 1691 244 25 882
1021_C,807 1766 2425 1771 471 1701 2436 1494 1448 783 1694 1803 1826 922 1598 2577 540 379 1324 152 49 1691 244 25 882
1021_D,807 1766 2425 1771 1701 471 1448 2436 1494 1694 783 1803 922 1826 2577 1598 540 152 379 1324 49 25 1691 244 882
1024_B,1592 2279 2150 1702 1319 1189 2173 1894 327 1066 1022 191 2320 276 2094 1659 1403 2130 1794 1811 24 2431 980 2330 1470
1024_C,1592 2279 1319 1189 2150 1894 1702 191 1022 2094 1066 1403 327 980 1616 1383 2431 1757 2173 2130 1063 2320 276 1811 2172
1024_D,1592 2279 1319 1189 1894 2150 1022 1702 191 1066 1403 2431 980 327 1383 2094 2173 1811 1616 276 1757 1794 1334 2320 611
1025_A,967 2060 569 384 1464 1139 1691 1893 244 57 1020 1768 1868 337 1324 1304 2573 1776 771 2146 1276 1391 471 379 1108
1025_B,967 2060 569 384 1464 1691 1139 1893 1868 1020 1768 244 57 1324 1304 337 2573 2146 1391 1776 379 771 1276 512 585
1025_D,967 2060 384 1464 569 1139 1020 1691 1768 244 1304 1324 57 1868 1893 337 379 1776 471 1276 2573 898 2113 1381 2146
1029_A,1493 2016 2126 440 1058 1582 1213 81 1220 736 1110 1716 1696 2376 834 1115 558 1876 1552 1598 2076 1797 845 2386 2317
1029_B,1493 2016 2126 440 1058 1582 1220 1213 81 736 1110 1696 1716 1876 834 2376 1115 558 1598 1552 1797 2076 2317 845 936
1029_C,1493 2016 2126 1058 440 1582 1213 1220 736 81 1110 1716 1696 2376 558 834 1876 1552 1115 845 1797 1598 2386 2076 2317
1031_A,1155 58 339 1046 1076 195 1922 49 1297 1876 1207 1717 1378 1241 1171 1438 133 250 2093 46 1803 2141 1190 2379 1134
1031_B,58 1155 339 1046 1076 1922 1241 2547 716 1171 1207 1297 2093 1378 151 2379 138 46 376 1496 195 2542 133 1134 990
1031_C,58 1155 339 1046 1076 1922 1241 2547 716 1207 1297 2093 151 1171 1378 2379 46 376 138 1496 133 2542 195 990 1134
1034_A,1474 1760 2053 1103 2012 2035 2124 1587 815 671 2109 54 1047 781 591 1938 1384 388 1813 417 323 399 2054 2044 2049
1034_B,1474 1760 2053 2012 1103 2035 815 2109 2124 1587 54 1047 671 388 1938 591 2054 2049 781 1384 1813 2179 1365 1817 1705
1034_D,1474 1760 2053 2012 1103 2035 2124 1587 815 671 2109 54 1047 591 781 1384 388 1938 1813 2054 323 417 2049 2044 2179
1039_A,2464 110 1968 1583 2290 1989 194 369 972 333 1180 992 144 1611 618 128 591 500 90 2421 1543 1813 1760 2007 85
1039_B,2464 110 1968 1583 1989 2290 194 369 972 333 1180 992 144 1611 618 128 591 500 2421 90 2007 1813 1543 1760 85
1039_D,2464 110 1968 1583 1989 2290 194 369 972 333 1180 992 144 1611 618 128 591 500 90 2421 2007 1813 1543 85 1760
1041_A,2149 1107 508 1718 443 2081 2401 2477 1080 737 963 2246 387 950 348 581 161 1179 1013 1106 1069 685 10 299 2366
1041_B,2149 1107 508 1718 443 2081 2401 2477 1080 737 2246 963 950 387 581 348 161 1179 1013 1069 299 685 2366 875 1902
1041_C,2149 1107 508 1718 443 2081 2477 1080 737 2401 2246 950 963 581 348 387 1179 685 161 875 1902 2485 13 1106 2366
1046_A,1278 52 201 1631 1213 2284 2220 1493 215 672 210 1775 1354 1716 1127 391 440 1293 1108 108 2048 936 511 81 879
1046_C,1278 201 52 1631 2220 1493 1213 1775 215 210 2284 1354 672 1293 1716 2252 1127 558 391 1858 736 1742 211 2048 108
1046_D,1278 201 52 1631 1213 2284 2220 1493 672 215 1775 210 1354 1716 1127 391 1293 440 1108 511 108 2048 558 211 936
1048_B,583 107 974 1800 1597 2143 160 1444 1639 2567 1805 1400 1911 34 911 220 971 2256 602 2131 373 879 876 1282 969
1048_C,107 583 2143 974 911 2567 220 1800 160 1911 34 2256 1345 2181 879 373 1400 1444 1805 1639 1084 969 2488 657 971
1048_D,107 583 2143 974 1800 1911 2567 220 911 1444 160 1597 34 1400 1639 1805 373 2256 879 969 2131 1004 971 1558 1084
104_A,2539 1948 1487 2577 1826 969 2042 1537 1696 373 166 876 117 211 2425 132 1110 460 2527 1664 807 1872 2567 1639 1911
104_C,2539 1948 2577 1487 1826 2042 1696 969 1537 132 373 1110 166 2425 117 807 211 876 460 1771 2527 1639 492 1872 2017
104_D,2539 1948 1696 1826 2577 1487 969 2042 1537 1110 373 211 2425 117 166 132 807 876 460 1639 1872 2527 2567 1771 1850
1055_A,2234 2015 217 234 2373 29 202 1075 1128 907 1206 2147 1655 1119 896 2326 2520 1184 820 1711 2233 120 1429 1431 1496
1055_B,2234 2015 217 234 2373 29 202 1075 1128 907 1206 2147 1119 1655 2326 896 2520 820 1184 1711 2233 120 1429 1431 1496
1055_C,2234 2015 217 234 29 2373 202 1075 1128 907 1206 2326 2147 1655 1119 896 820 2520 1184 1711 2233 120 1429 1431 1496
1066_A,553 137 1834 68 366 196 835 2209 1343 528 1091 14 759 1562 1049 1900 1680 136 661 580 298 1908 73 2414 2519
1066_B,137 2022 2209 661 366 759 73 1834 871 553 1680 533 2098 617 536 1226 190 1734 65 1692 1091 911 2519 389 1900
1066_C,1311 759 137 1091 835 366 553 727 389 1044 2221 1114 533 661 2209 2245 2230 1680 1900 1343 641 1837 1205 1834 1247
1068_A,2143 583 1597 2567 1800 1639 1444 2256 2131 107 602 621 160 2316 876 82 64 373 1031 2175 974 433 894 2488 948
1068_B,1597 583 2143 1639 1800 2567 1444 2256 160 602 2131 621 876 82 107 2316 1805 64 974 1031 2119 2175 433 894 373
1068_D,2143 1597 583 1639 2567 1800 2256 1444 2131 160 107 602 621 2316 876 82 64 974 1031 1805 373 894 2175 2119 433
1070_A,670 1793 1824 2109 815 2054 2101 2469 1474 388 971 1231 941 626 1220 1639 2049 160 795 2019 878 1090 1435 2250 1647
1070_B,670 1793 2109 1824 815 2054 2101 2469 1474 941 388 1231 971 2049 1647 1090 1220 878 626 150 2019 1855 616 2053 1767
1070_D,670 1793 1824 2109 815 2054 2101 2469 1474 388 971 1231 941 626 1639 1220 2049 160 2019 795 1435 1090 878 2250 1647
1075_A,2079 1367 1813 591 1340 898 323 972 110 1154 918 2095 665 2424 428 949 1488 803 1656 1503 445 2434 500 883 1989
1075_C,2079 1367 1813 591 1340 110 972 898 323 1154 2095 918 1488 665 949 445 2424 428 1656 500 1989 1503 2434 2113 803
1075_D,2079 1367 1813 591 1340 972 110 898 323 1154 918 2095 665 1488 2424 428 949 445 803 1503 1989 2434 1656 883 500
1081_A,300 2095 1753 11 2371 1860 2145 1488 237 1519 2280 417 2047 961 2320 2437 1586 705 2492 1945 1727 1726 601 1530 1745
1081_B,300 2371 2095 11 1488 1753 1519 1860 2320 237 1586 417 2492 788 1727 1726 705 2145 2280 2238 1100 1656 2047 276 766
1081_C,300 2095 11 1753 1860 2371 1488 237 1519 1586 2145 417 1726 2320 1314 2280 961 2492 2310 788 2047 705 1727 1656 1745
1087_A,2266 829 2334 431 1321 2059 154 356 1434 640 2459 241 415 1344 1281 1897 2036 647 1106 993 426 236 2236 1069 235
1087_C,2266 829 2334 431 1321 154 356 1434 2059 2459 241 640 1344 1106 647 426 236 48 415 1331 235 1281 2117 1069 993
1087_D,2266 829 2334 431 1321 154 1434 2059 356 2459 241 640 1344 647 426 1106 236 48 1331 235 415 1281 993 2236 2036
1088_A,2230 2487 2414 1127 533 391 727 1343 1091 641 389 636 1113 1562 1114 1900 1544 208 315 1311 862 2157 2221 1205 303
1088_C,2230 2487 2414 533 1127 391 1343 727 1091 641 1562 636 389 1113 1114 1900 208 1544 315 2157 1311 303 1205 2221 862
1088_D,2230 2487 2414 391 1127 533 1343 727 1113 1091 1562 1900 641 636 208 2157 303 2245 315 1114 389 2077 1294 1544 1233
110_B,11 417 2095 1586 445 16 747 788 1100 2371 300 1731 766 1813 2318 435 1801 1753 1488 2057 1934 2342 2304 1930 803
110_C,11 417 2095 1586 445 16 747 1100 788 2371 300 1731 1813 766 2318 435 1801 1488 1753 2057 1934 2342 2304 1930 591
110_D,11 417 2095 1586 445 16 747 788 1100 2371 300 1731 1813 766 2318 435 1753 1488 1801 2057 1934 2342 2304 803 1930
1118_A,293 912 1509 2555 627 1895 2188 1242 1956 637 1281 1521 1117 1498 1289 264 1853 1382 2312 2194 612 306 2531 2442 1935
1118_B,293 912 1509 2555 627 1895 2188 1242 1956 637 1281 1521 1117 1498 1289 264 1853 1382 2312 2194 612 306 2531 2442 1935
1118_C,293 912 1509 2555 627 2188 1956 1242 1895 637 1281 1521 1117 1498 264 1289 1382 1853 2312 306 2194 612 2442 1935 2531
1133_A,1310 503 86 1932 2344 1767 2192 1232 1428 1474 23 222 252 2053 941 2107 1103 1317 2510 1556 711 388 2044 1760 815
1133_B,1310 503 1932 86 2344 1767 2192 1232 1428 23 252 1474 2053 941 222 1103 815 2510 2109 1796 1556 851 1760 1769 711
1133_C,1310 503 86 1932 2344 1767 2192 1232 1428 23 1474 222 252 2053 711 1317 1103 2107 941 1556 2510 1760 815 2044 2375
1169_A,126 1533 884 1383 611 1403 2431 1147 227 242 2264 1158 2172 1193 717 1125 1319 874 2009 345 791 779 711 1063 228
1169_B,126 1533 884 1383 611 1403 2431 1147 227 242 2264 1158 874 2172 1193 1342 717 1319 345 228 2009 2326 779 711 1125
1169_C,126 1533 884 1383 611 1403 1147 242 2431 227 874 2264 345 711 1158 673 22 1193 60 763 2172 2476 1342 791 1189
1195_B,158 2352 278 952 64 1072 433 2524 199 2316 2445 1137 2087 948 446 1085 2582 2084 314 2488 960 2175 1444 2557 2202
1195_C,158 2352 278 952 64 1072 433 2524 199 2445 2316 1137 2087 948 446 1085 960 2582 2084 1346 2488 2175 1444 2557 314
1195_D,2352 158 278 952 64 433 1072 2524 199 2316 2445 1137 948 2087 446 1085 2488 2582 2175 2084 314 1444 960 1346 2557
1215_B,1398 447 1983 964 2272 1076 2200 339 1957 944 539 544 2405 151 2273 2123 2133 2002 1619 1204 1155 1622 1673 1074 45
1215_C,1398 1957 2200 1983 539 964 2272 544 447 944 2405 1076 2123 2133 339 151 1673 2273 1204 2002 619 2162 874 1622 45
1215_D,964 1983 2272 944 1398 2200 1957 339 447 2405 1076 544 2002 1619 1074 151 2273 1155 2133 1042 45 1814 539 693 874
121_A,130 1896 1743 900 401 1108 2382 57 2573 2214 1417 2500 1291 1294 1304 2127 1499 1849 1974 1049 165 391 1196 1893 2282
121_B,130 1896 1743 1294 401 900 1108 1196 2382 2214 2573 57 1417 2500 1291 1304 1499 1893 1974 165 2282 1849 2184 2324 2127
121_C,130 1896 1743 900 401 1108 2500 2214 2382 2573 57 1294 1417 1974 2127 1849 1291 1499 1304 1049 2491 1196 2324 391 2184
1233_B,2109 2101 815 670 1824 2469 1793 2054 971 388 1474 1361 1435 1282 2321 160 2019 1458 941 2167 1855 345 467 2053 1090
1233_C,2109 2101 815 670 1824 2469 1793 2054 971 388 1361 1474 1435 1282 2321 160 2019 1458 941 2167 1855 345 1090 467 2053
1233_D,2109 2101 815 670 1824 2469 1793 2054 971 1474 388 1361 1435 1282 160 2019 2321 1458 941 2167 1855 467 345 795 2053
1236_A,151 2273 1076 2359 339 153 1259 1074 447 2379 376 1862 2525 2122 1734 1190 975 1134 240 566 1619 2405 15 1558 1155
1236_C,151 2273 1076 153 339 2359 1259 1074 447 1862 2379 376 2525 2122 1734 975 1190 1134 240 566 1619 15 1558 1155 2542
1236_D,151 2273 339 2359 1076 1259 1074 153 2379 376 447 1862 2122 1734 1190 975 2525 1134 240 566 1155 2542 1558 1619 58
1261_A,130 1896 1743 2573 1108 57 401 1499 900 2491 2146 165 2282 569 2214 1974 337 2500 1662 2324 1291 866 1276 1893 1381
1261_C,130 1896 1743 1108 2573 57 401 900 1499 2146 2491 165 2282 569 2214 337 1291 1974 2500 1662 2324 416 1893 866 1276
1261_D,130 1896 1743 2573 1108 57 401 900 1499 2146 2491 165 2282 569 2214 337 1662 1974 2500 866 2324 1291 416 969 1381
1266_A,1473 239 1950 995 2260 505 710 1595 1356 24 842 1377 2110 2568 1689 2150 2358 1702 1189 1693 728 301 216 1884 1319
1266_B,239 1473 995 1950 2260 710 505 1595 24 1356 1377 842 2110 2568 2150 1689 2358 1189 1702 1693 728 301 968 1319 216
1266_D,239 1473 995 1950 2260 505 710 1595 24 1356 1377 842 2110 2568 1689 2150 2358 1702 1189 1693 301 728 216 968 1884
1279_A,2252 2220 1354 215 2376 1582 210 1293 1716 1552 2284 1213 52 1493 2253 672 1301 849 1631 1569 558 845 598 162 1058
1279_C,2252 2220 1354 1582 2376 1552 1213 215 1293 845 210 558 1716 849 1493 1569 2284 52 672 1631 162 511 1058 2016 81
1279_D,2252 1582 2220 1354 1293 1552 1569 845 162 2376 558 849 215 210 511 2284 672 1213 52 1123 1716 2377 1631 1493 1317
1296_B,2583 2576 1427 183 2489 253 1043 484 1032 1884 180 223 2086 1395 260 478 66 1618 2063 586 438 2557 2531 1837 996
1296_C,2583 2576 1427 183 253 2489 1043 223 484 1032 2086 1884 1395 1673 180 1320 2123 619 586 2063 1204 854 260 478 66
1296_D,1427 2583 2576 2489 183 1043 1618 66 253 438 260 484 180 1884 1032 2086 1395 954 223 2531 2557 1837 952 2063 960
129_A,533 1900 1127 2230 2414 2487 1544 641 2488 208 1336 1345 1205 452 315 1005 29 2045 706 636 168 1206 2518 1516 472
129_C,1900 533 2488 2230 1090 1345 1336 1084 1544 1205 583 1005 1004 1127 1510 452 2487 2414 315 706 208 353 286 2518 1713
129_D,1900 533 2488 2230 1345 1336 1090 1084 1544 1127 1205 1005 2414 2487 452 1510 583 315 1004 208 706 2518 353 286 1713
1318_A,131 331 109 2292 710 2417 485 2097 2247 1709 1758 243 1267 830 2215 266 1808 2545 610 1693 1670 1946 573 1356 1638
1318_C,131 331 109 710 2417 2292 2097 485 2247 1758 243 1709 830 1267 2545 266 1808 2215 1693 610 1670 573 1946 1356 1638
1318_D,131 331 109 710 2292 2417 485 2097 2247 1758 1709 243 1267 830 1808 2545 266 2215 1693 610 1670 1946 573 1638 1356
1329_B,2234 217 907 202 1655 234 896 2147 1075 1218 1909 1431 2326 29 1463 1048 1206 1131 1246 2015 1429 172 2233 1119 6
1329_C,2234 217 907 202 1655 234 896 2147 1075 1218 2326 1431 1909 29 1463 1048 1206 1131 2015 1246 1429 172 2233 1383 2078
1329_D,2234 217 907 202 234 1655 896 2147 1075 1218 2326 1431 1909 29 1463 1048 2015 1206 1131 1246 1429 172 2233 1383 2078
1336_A,1146 370 2291 2001 1024 930 200 1181 1506 1728 974 602 1268 2225 94 1196 506 1274 1082 1872 1729 2157 14 1805 303
1336_B,1146 370 2001 2291 1024 930 200 1181 1506 1728 974 602 2225 1196 1268 94 1274 506 1082 1872 1805 2157 1729 245 303
1336_D,1146 370 2291 2001 1024 1181 930 14 1506 200 1268 1728 974 1196 602 506 1729 1082 74 245 1110 1017 1872 1805 614
1339_B,51 1908 2266 1543 2334 528 1897 1092 74 2059 1700 829 245 410 993 676 98 1049 14 1127 2076 2300 2414 1562 1130
1339_C,2334 51 1543 2266 829 1908 1040 1127 1897 74 528 386 32 1281 1130 676 98 1989 2059 1562 640 241 1069 1092 1443
1339_D,51 1543 245 1908 1929 74 1562 528 1127 2076 196 1049 1700 1897 1343 98 2414 676 1900 1510 1277 514 993 1092 2266
1341_A,1906 620 1669 2516 1942 33 1363 1570 2106 1244 2533 1267 266 2504 2110 521 572 1116 1298 1393 139 1595 1947 755 954
1341_B,620 1906 2516 1669 1942 33 1363 1570 2106 1244 2533 2504 1267 266 572 521 2110 1116 1298 139 1393 1947 2122 1595 267
1341_C,1906 1669 2516 620 1942 33 1363 1244 2106 1267 1570 266 2533 2504 1116 2110 1298 2496 572 521 1947 2122 755 668 139
1344_B,1132 604 1222 148 2124 2295 289 2065 2548 1409 671 2265 571 1384 1047 1465 760 1474 1415 1249 781 2226 2242 1212 1667
1344_C,1132 604 1222 148 2124 289 2295 2065 2548 1409 671 2265 1465 571 1384 760 1474 1047 1249 1415 781 2242 2226 1760 1212
1344_D,1132 604 1222 148 2124 289 2295 2065 2548 1409 671 2265 571 760 1465 1474 1047 1384 1249 2242 1415 781 1212 2226 1760
1346_B,2461 152 1869 2448 1922 1449 1809 1155 837 240 1653 399 2304 716 37 1157 1817 822 1101 339 2542 2515 2405 322 2116
1346_C,2461 152 1869 2448 1922 1449 1809 1155 837 240 399 1653 2304 716 1157 1817 822 37 1101 2515 2542 339 2405 322 2116
1346_D,2461 2448 152 1869 1922 1809 1155 1449 240 399 837 1653 716 1157 1817 2304 37 339 2542 1101 2379 376 822 2405 2515
134_A,1876 2390 1494 966 1694 380 882 1598 807 739 2076 663 49 2126 1277 25 864 1220 323 1165 409 2141 1591 1458 1355
134_B,739 380 2390 409 663 1460 1876 1591 37 2553 1402 1165 794 1105 1744 1605 1632 2162 702 1355 322 392 882 1494 1727
134_C,380 739 2390 409 663 1460 1876 1591 37 2553 1402 1165 1744 1105 794 1605 1632 702 2162 1355 392 1494 882 2044 576
1360_B,120 1429 6 1206 296 2234 579 715 1173 990 862 2038 756 2124 1761 353 2030 1711 684 707 986 1469 1667 843 760
1360_C,120 1429 6 1206 296 579 2234 715 990 1173 353 2124 1761 862 1469 2038 707 756 986 249 1711 760 843 684 820
1360_D,120 1429 579 990 1206 6 296 1469 2124 986 353 820 2021 2234 715 862 2038 1739 1761 1523 1173 843 1711 249 756
1375_A,1988 1379 2116 1605 794 1727 2515 1449 1809 837 2330 2238 1934 1248 322 276 2304 2320 717 822 123 1764 2392 693 1402
1375_B,1988 1379 2116 1605 1727 794 2515 1449 1809 837 2330 2238 1934 1248 322 2320 276 2304 717 822 1764 123 1402 2392 1675
1375_D,1988 1379 2116 1605 794 1727 2515 1449 1809 837 2330 2238 1248 1934 322 276 2320 2304 717 822 1764 123 2392 1402 693
1376_A,308 329 302 2206 1070 2138 335 2361 914 1313 904 2503 2510 658 247 248 2112 1596 890 2276 1914 1786 2092 1710 800
1376_C,308 2206 302 329 1070 2138 335 2361 914 2510 904 658 2503 1313 248 2112 247 1786 1914 2276 1596 800 890 1822 1710
1376_D,308 329 2206 1070 302 2138 335 2361 914 2510 1313 2503 248 2112 904 247 658 1596 890 2276 2092 1710 1914 1786 800
1388_A,2080 2113 1836 1139 1697 460 1285 576 2324 2425 62 1768 1826 492 224 432 1304 2184 1961 2526 1568 569 2301 268 2382
1388_B,2080 2113 1836 1139 1697 460 576 1285 2324 492 2425 1768 1826 62 224 569 1961 432 1304 2184 1568 407 2301 2526 268
1388_C,2080 2113 1836 1285 576 1139 2324 1768 460 62 1304 492 2425 432 1697 1826 2184 2301 2083 1568 1961 268 2382 1276 1144
1389_B,1540 1593 891 2398 363 59 143 885 792 606 80 848 167 1825 2021 1755 2363 859 2178 1610 2148 2068 2142 2307 2549
1389_C,1593 363 1540 2398 891 143 59 792 885 606 80 2363 848 859 2021 1825 2549 3 838 1610 2178 2068 2142 1469 167
1389_D,1593 363 1540 2398 891 59 792 2363 606 143 885 80 848 2021 1825 859 2178 3 838 2068 2142 1610 2549 2307 1469
1394_A,1783 1837 2241 690 1927 1442 450 2231 1043 207 816 2025 1961 2337 1959 206 1370 313 1903 402 637 1180 1740 1242 1574
1394_C,1043 1783 1837 253 690 2583 207 450 2241 1427 2063 2531 183 2576 2086 184 816 1395 1903 1442 2489 313 1608 1959 484
1394_D,1783 2241 690 1837 1442 450 2025 1043 2231 313 2337 1959 1927 1903 816 207 1740 1370 402 1695 184 1690 1180 2464 1574
1399_A,2334 2266 1505 1897 48 236 2290 235 1321 2156 428 426 829 872 2079 280 640 2036 745 2454 1791 1040 415 1789 431
1399_B,114 1425 585 281 813 2037 2454 1868 434 625 2336 1368 1389 899 1897 1588 48 280 182 630 236 532 426 1149 1480
1399_C,2266 2334 1897 236 426 829 48 2236 1434 280 640 2036 2459 241 415 431 875 1789 1997 872 1321 647 51 1314 1483
1404_A,1072 952 960 2352 2557 1884 64 1618 1427 823 438 2316 1664 66 2445 909 158 2524 1921 278 948 1137 446 223 2175
1404_B,1072 952 2352 960 2557 1884 64 1618 1427 2316 438 823 1664 66 2445 909 1921 158 2524 446 948 278 223 1137 2576
1404_D,1072 952 960 2352 2557 1884 64 1618 1427 1664 823 438 2316 909 66 2445 1921 446 1137 948 158 278 2524 2576 223
140_A,838 3 1262 1433 2549 1191 859 628 683 2142 2068 577 1666 2240 131 331 319 1904 1808 418 2372 1709 1871 288 1535
140_B,838 3 1262 1433 2549 859 1191 628 2240 2142 2068 683 319 1666 577 2372 265 1871 1593 131 418 331 1535 1904 547
140_D,838 3 1433 1262 1191 2549 331 859 131 1709 628 683 288 2240 319 1666 1808 2363 2068 2142 167 113 577 2247 265
1410_B,732 2198 2426 1225 461 1966 2457 2391 818 2462 1874 589 1027 1555 836 1873 1998 504 631 1264 2216 761 377 390 276
1410_C,732 2198 2426 1225 461 1966 2457 2391 818 2462 1874 504 589 1027 836 761 2216 1873 631 1998 1555 1264 377 276 390
1410_D,732 2426 2198 1225 461 1966 2457 2391 2462 818 589 1873 2216 761 1874 276 1027 1555 836 631 1998 2427 504 1264 1174
1419_A,1737 1055 1925 2386 1293 1716 558 108 1552 142 52 1582 834 672 692 1387 1198 1213 2317 2377 2284 81 1631 2494 1115
1419_B,1737 1055 2386 1925 1293 1716 558 108 1552 142 1582 52 834 692 672 1387 1198 2317 1213 2377 81 2284 1631 1115 2494
1419_C,1737 1055 1925 2386 1293 1716 558 1552 108 142 1582 52 834 692 672 1198 1387 1213 2317 2377 81 2284 1631 1115 713
1448_A,1530 2318 417 218 11 2145 1559 1136 1471 2095 2435 608 1945 601 1753 1688 1992 1488 747 1102 134 2526 2437 1519 1187
1448_B,1530 218 1559 1945 2145 1136 601 2437 1216 1187 2318 1102 1784 2492 2032 1519 378 1688 417 11 1753 2526 2435 747 99
1448_C,1530 2145 11 218 601 2318 1559 417 1945 1519 1753 2437 2095 747 1488 2032 2492 1136 1187 179 608 2435 300 1688 961
144_B,2446 2250 1410 271 254 2296 1882 1824 713 626 81 2054 673 670 1931 731 1793 595 878 89 793 2049 1887 1055 834
144_C,2489 1427 2576 2583 2446 2250 1882 183 254 271 89 260 2296 484 1410 2201 2183 1793 66 1032 713 2205 670 215 1824
144_D,2296 2446 2250 976 1410 2228 271 254 1882 89 108 2205 1824 2494 2183 1793 731 2568 713 521 1279 2054 1377 670 626
1459_B,1035 1404 2350 2187 2288 2481 189 2055 394 2002 2335 955 786 1708 2000 1299 697 261 565 2525 1750 198 175 2451 1416
1459_C,1035 2350 2187 2288 1404 2481 189 2335 394 2055 955 261 565 1708 786 2002 175 1299 2525 1416 1628 2000 198 2451 697
1459_D,1035 2350 2187 1404 2481 2288 189 2335 2055 394 955 2002 786 261 1708 565 175 198 1299 2525 2000 1628 2451 1416 697
1460_B,738 1096 1954 2505 187 1651 928 1151 1120 2342 846 1645 273 1801 1210 2067 2514 588 1484 1652 1863 230 474 1384 781
1460_C,1651 928 738 1096 1954 846 1151 2067 2505 187 1484 2342 1801 2514 1120 273 1645 629 1870 1210 1652 1863 474 2333 588
1460_D,738 2505 1096 187 1954 1651 928 1151 1120 1645 846 2342 273 2067 1210 1801 1863 1484 2514 588 474 230 1652 1520 850
1465_B,706 1507 1005 2181 1672 1516 2306 1345 1941 1054 1963 328 2518 657 15 1084 2532 2488 1862 1361 1336 1510 2135 1856 1795
1465_C,706 1507 1005 2181 1672 1054 2306 1345 1941 1963 1516 328 2518 1084 160 2488 583 1361 974 657 15 1805 2532 1400 2135
1465_D,706 1507 1005 2181 1672 2306 1054 1345 1941 1963 1516 328 2518 1084 160 2488 1361 15 583 657 2532 974 1862 1336 1400
1475_B,1225 2426 2198 732 461 1873 2462 1555 2427 1966 589 1264 2457 761 1998 1306 1154 818 2416 2275 2391 1874 949 745 2123
1475_C,1225 2426 2198 732 461 1873 2462 1555 2427 1966 589 1264 2457 761 1306 1998 1154 818 2416 2275 2391 1874 949 745 2123
1475_D,2426 1225 2198 732 1873 461 2462 1555 2427 589 1966 1264 2457 761 1154 1306 1998 818 2416 2275 2391 949 1874 745 1340
1476_A,1198 2228 142 976 1111 2386 1737 89 1164 108 753 1055 1925 692 104 2377 1716 558 1582 2284 523 672 1293 713 2376
1476_B,2228 976 1388 290 89 1737 108 1198 1631 142 2296 167 1716 52 558 2284 672 1133 692 215 1213 341 951 1055 2377
1476_C,2228 976 1737 142 1198 89 2296 108 558 1631 1716 52 1925 2284 672 1055 215 692 1213 2386 2377 1293 290 2394 1388
1478_B,1265 2354 1481 1779 1269 556 821 1796 905 563 1060 851 75 1572 1951 185 778 2578 362 194 1312 1397 918 537 291
1478_C,1265 2354 1481 1779 556 1269 821 563 1796 905 1060 851 75 362 1951 2578 1572 185 1312 778 918 194 1397 1727 263
1478_D,1265 2354 1481 1779 556 1269 563 821 1796 905 1060 851 75 2578 1572 185 362 1951 1312 918 778 1397 291 263 1095
1485_A,82 1444 583 160 876 1400 1597 1805 621 2566 2167 2119 433 2217 1135 2107 1282 1510 2165 2042 2096 664 1435 1054 958
1485_B,82 1444 583 160 876 1400 1805 1597 2566 621 2167 2119 433 2217 1135 2107 1282 1510 2165 2042 2096 664 1435 958 1054
1485_D,82 1444 583 876 160 1805 1400 1597 621 2566 2167 2119 433 2217 1135 2107 1510 1282 2165 2042 2096 958 2135 969 1054
1498_A,860 1040 263 295 1067 430 1269 9 2424 1640 75 801 1296 95 1699 2572 2108 821 872 297 420 651 532 2 1488
1498_B,860 1040 263 9 430 1067 1269 2424 295 1640 801 75 2572 95 2108 420 1699 821 1296 875 532 1633 872 297 2
1498_D,860 1040 263 1640 430 2424 801 1269 2572 295 9 1067 2108 875 75 95 420 821 1488 537 532 48 1699 1633 5
1500_A,1379 1988 2330 2515 1605 1248 2392 1675 822 123 322 1529 1272 1449 1727 1402 37 1861 837 2116 2162 1359 2266 1355 1809
1500_B,1379 1988 2330 1605 2515 1248 2392 1675 822 123 1529 1272 322 1449 1727 1402 1861 37 837 2116 1359 2162 424 2266 1355
1500_C,1379 1988 2330 1605 2515 1248 2392 1675 822 123 1529 1272 322 1449 1727 1402 37 1861 837 2116 1359 2162 2266 1355 424
1521_A,1527 1148 1899 2283 2186 1953 1706 535 2302 833 2040 1117 700 649 1446 2131 935 2204 912 639 828 743 1712 1406 1084
1521_C,1527 1148 1899 2283 2186 1953 1706 2302 535 833 2040 1117 2131 700 649 1446 2204 639 935 912 1406 1084 743 828 2326
1521_D,1527 1148 1953 1899 2283 1706 2302 2186 535 398 1117 935 2040 1406 649 833 1281 570 451 1318 743 576 639 700 1446
152_B,123 1379 2515 1988 1861 1449 1248 2392 322 1605 37 837 822 1402 2272 1727 1983 1809 2162 1355 2116 716 1744 1922 1163
152_C,1379 1988 1449 2392 2515 123 1248 1861 1605 322 822 2272 1402 1983 2116 837 1727 37 1809 944 1163 964 2162 794 1272
152_D,1379 123 1988 1449 1861 2515 1248 322 1605 2392 37 1402 837 822 1809 1727 2272 1983 1355 2116 2162 1744 716 1922 794
1530_B,2085 346 689 2533 2504 267 1116 751 911 220 2567 1680 1247 871 593 2008 1443 2131 577 506 2088 2098 400 1510 2143
1530_C,2085 346 751 220 689 267 2533 593 911 4 2567 2504 1443 2131 2008 1116 1644 577 1284 1247 400 2098 871 506 2088
1530_D,2085 346 2533 2504 267 689 751 911 1116 220 2567 1680 1247 2008 577 871 593 2131 1443 2143 506 2098 2516 2088 400
1538_A,695 2090 1835 2397 867 669 71 272 2345 881 2105 1671 1201 828 1780 743 1289 982 649 1678 973 584 2204 910 1802
1538_B,695 2090 2397 1835 867 669 2345 272 71 881 2105 1671 1201 828 1780 743 1289 982 1678 649 584 973 2204 1802 910
1538_D,695 2090 1835 2397 867 669 71 2345 272 881 2105 1671 1201 828 1780 743 1289 982 649 584 1678 973 2204 910 1802
1560_A,915 2050 1167 1782 865 1725 719 1422 1210 441 1373 996 2529 157 721 686 246 2507 1520 1151 2260 850 552 2044 1065
1560_B,2050 915 1782 1167 1422 1725 719 865 441 1373 1210 686 996 157 246 1520 721 2551 2507 552 2529 2044 1065 1047 1954
1560_C,2050 915 719 1167 1725 1782 441 865 1422 1373 721 1210 996 1520 157 1047 1790 2044 2507 686 2551 552 2580 246 618
1563_A,2275 2427 2416 761 118 745 949 90 1154 2290 1340 992 2393 369 1583 275 1317 1127 1543 2044 428 2107 1510 2135 1858
1563_B,2275 2427 2416 761 745 118 949 90 1154 2290 1340 992 2393 369 1583 275 1317 1127 1543 2044 428 2107 1510 2135 40
1563_D,2275 2427 2416 761 118 745 949 90 1154 2290 1340 992 369 2393 1583 1317 275 2044 1543 2107 428 1510 1127 1858 333
1573_A,1613 723 651 490 796 295 1960 542 1188 297 2535 1047 2580 157 653 323 872 2182 1333 0 639 1721 271 342 1290
1573_B,1613 723 651 490 295 796 542 1960 297 323 1047 157 2580 653 1188 872 342 2182 1333 1698 1721 1357 1392 1851 1347
1573_D,1613 723 651 490 796 542 1188 1960 323 295 2535 157 2580 297 653 342 2369 1047 1698 1250 1333 1290 872 639 2227
1579_A,417 2132 445 1488 2550 2435 11 747 2318 1731 2492 1602 134 2145 1183 600 1813 1945 2437 574 1586 643 1519 333 2269
1579_B,417 2132 445 1488 2550 11 2435 747 1731 2318 2492 2145 1602 600 134 1945 1183 2437 1813 1586 643 1519 574 2269 378
1579_D,417 445 1488 2132 2550 2435 11 747 2492 1731 2318 1602 2145 600 1945 134 2437 1183 1813 1586 1519 643 2269 378 574
1598_A,2374 2179 2109 550 815 2124 1474 54 1103 2049 1047 1224 2053 2012 388 1824 2054 2339 670 1208 1760 1587 1231 941 366
1598_B,2374 2109 1047 2124 2179 815 550 388 1474 1224 54 1103 2053 2049 2012 1208 2054 1824 2339 1760 671 941 670 781 2035
1598_C,2374 2109 2179 815 550 2124 1047 1474 388 1224 54 2049 1103 2053 2012 2054 1824 1208 2339 670 1760 941 1231 1587 2226
15_A,1333 159 808 1985 590 1926 653 2072 881 71 828 1325 1292 1252 1802 2105 2115 1780 2204 982 877 1678 649 1295 695
15_B,1333 159 808 1985 590 1926 653 2072 881 71 828 1325 1292 1252 1802 2105 2115 1780 2204 877 1678 982 0 695 649
15_C,1333 159 808 1985 590 653 1926 2072 881 71 1325 828 1292 1252 1802 2105 2115 1780 2204 877 1678 982 0 695 649
1618_B,2025 1837 2241 450 2231 1927 1442 1370 1783 207 1959 402 1574 690 2337 789 1348 206 313 816 1608 740 2348 1961 646
1618_C,402 1837 450 1370 2231 2025 1442 207 2241 1959 1783 1927 789 2337 1043 313 690 1574 910 206 270 816 2348 1335 1746
1618_D,2241 1783 690 2025 1837 450 1442 2231 1959 1370 207 2337 313 1903 1574 402 951 1690 646 1806 816 1695 789 2118 2007
161_A,1737 1055 1293 1582 558 1925 1716 1552 108 2377 2386 834 692 672 52 1213 1411 2284 939 2317 1631 1115 1493 142 845
161_B,1737 1055 1293 1925 1582 558 1716 1552 108 2377 834 2386 692 672 52 1411 1213 2284 939 2317 1631 1115 1493 142 845
161_C,1737 1055 1293 1925 1582 558 1716 1552 108 2377 2386 834 692 672 52 1411 1213 2284 939 2317 1631 1115 1493 142 845
1622_B,391 1127 1417 2487 1818 481 1214 1510 1924 1543 1291 25 1113 49 2135 1776 245 1958 1054 1294 1308 662 1108 1458 1858
1622_C,391 1127 1417 2487 1818 1510 1214 481 1543 1291 1113 2135 1924 1054 1958 245 1294 25 49 1858 1776 1308 1049 1108 1795
1622_D,391 1127 1417 2487 1818 481 1214 1510 1543 1924 1291 25 49 1113 1776 2135 245 1958 1294 1054 1308 1108 1049 1458 662
1632_A,2085 346 689 2533 2504 1247 751 267 1116 2098 2008 1644 2288 2088 1416 175 1680 593 871 261 792 400 79 1284 997
1632_B,2085 346 689 2504 2533 267 751 1247 1116 2008 2098 1680 2088 1416 2288 871 1644 593 261 175 400 506 997 577 792
1632_D,346 2533 2504 2085 1247 751 689 1284 79 436 1680 267 1644 2098 792 2051 638 871 1540 1554 2288 2008 1116 577 593
1641_B,2457 377 1225 2426 2198 732 1966 818 1555 1998 2391 631 1264 836 1623 1873 491 1126 2216 1874 880 461 434 589 1174
1641_C,377 2457 1264 1966 2069 390 631 1126 1623 836 1186 491 818 2198 375 2426 2152 1225 880 1823 2216 41 2391 1555 1522
1641_D,1126 2457 377 1623 631 880 650 1522 2144 491 1966 1693 2006 2426 2216 818 2150 1895 449 252 1555 1509 1225 1174 836
1642_B,1365 1468 1828 2237 2562 1660 2030 1880 84 2185 1667 2375 214 1981 2298 1518 1682 2381 2224 1124 2010 1372 596 2323 2327
1642_C,1828 1468 1365 2562 2375 1682 2237 2030 2010 2298 1660 1981 2327 1518 214 2321 2224 1880 1016 2381 1667 2185 2546 2565 2323
1642_D,1468 1828 1365 2562 1682 2375 2237 2030 2298 2381 1660 2185 2321 2010 1880 214 1518 1667 84 151 1981 1428 539 1124 2327
1651_A,2174 2432 1348 2452 451 515 899 88 1041 2218 114 2397 367 1370 1791 867 630 927 570 1480 272 1588 977 701 1752
1651_B,2174 2432 1348 2452 451 515 899 88 1041 2218 114 2397 1370 367 1791 867 630 570 927 272 1480 1588 977 1752 701
1651_D,2174 2432 1348 2452 451 515 899 88 1041 2218 114 1370 2397 367 570 1791 867 630 927 1480 272 270 977 1588 2137
1656_A,1307 1445 2331 1362 1203 565 343 2351 468 1576 1879 472 924 1594 1260 1416 997 463 2543 1329 1770 2015 635 603 829
1656_C,1445 1307 2331 1362 1203 343 565 2351 468 1576 1879 924 1594 472 1260 2543 463 1329 1770 1416 997 2015 635 603 829
1656_D,1445 1307 565 2331 1362 343 1203 468 2351 1576 1879 1416 997 472 1594 924 1260 463 1329 2543 1770 1517 2015 603 1183
1658_A,766 16 1753 788 970 300 917 1878 1300 330 2371 2420 1100 1860 1832 332 2544 1617 946 1777 11 2095 383 1772 705
1658_B,16 766 1753 1878 970 330 917 1300 788 300 332 2544 2420 2371 1832 1100 324 1617 946 1150 2502 1772 383 1860 11
1658_C,16 766 1753 300 788 2371 1300 970 917 1860 330 1878 1617 1832 2420 332 2544 1519 1100 946 1150 1029 383 1772 385
1659_B,983 1418 1001 1008 381 1621 1156 839 609 133 744 2399 733 1542 371 1297 1152 1578 1749 495 1976 1551 2093 1717 538
1659_C,983 1418 1001 1008 381 1621 1156 839 609 744 133 2399 733 1542 371 1297 1578 1152 1749 1976 495 1551 1717 2093 232
1659_D,983 1418 1008 1001 381 1621 609 1156 839 744 2399 733 133 1542 371 1297 1578 1152 1976 1749 495 1551 1717 232 78
1666_A,1055 1737 2250 1293 2446 1716 834 1115 108 2317 2472 713 692 1895 1213 1394 558 1720 2377 672 1552 673 1410 2284 1824
1666_B,1055 2250 1737 2446 1293 1716 834 108 1115 2317 692 713 2472 1213 558 1394 672 1895 2377 1552 1720 2284 1824 673 1410
1666_D,1055 1737 2250 1293 2446 1716 834 108 1115 2317 2472 713 692 1213 1394 1895 558 1720 2377 672 1552 673 2284 1410 1824
172_B,936 1240 1394 2376 845 162 1716 1058 2016 2220 2317 2377 1198 2407 1552 834 672 2284 558 1213 2386 2252 1493 1582 1293
172_C,936 1240 2376 1394 1493 1716 1058 2016 2220 81 1198 162 523 440 2317 1552 1213 2284 2386 1582 558 845 672 2407 2377
172_D,1240 936 1394 2376 845 162 1716 2317 2220 1058 2016 1198 2407 834 2377 2284 672 1213 81 1552 2252 1354 2386 2048 440
1735_A,811 38 1590 1829 981 1880 1660 84 214 863 227 1754 1828 720 969 1408 228 220 1064 2562 1147 1616 712 911 958
1735_B,811 38 1590 1829 981 1880 1660 84 214 1828 863 1754 227 720 220 969 1408 228 1616 911 2562 1064 2567 712 1682
1735_C,811 38 1590 1829 981 1660 1880 84 214 1828 863 227 1754 720 220 969 228 1408 1616 911 1064 2562 1147 107 712
174_A,1743 401 900 2382 130 1499 182 2184 432 1304 1108 1390 2146 585 2282 1868 165 2214 1391 630 1461 2310 2127 2037 899
174_B,1743 401 2382 900 1499 130 182 2184 432 1304 1108 165 1390 2282 2146 585 1868 2214 630 1461 2310 2037 1391 57 2127
174_D,1743 130 900 401 2382 1304 1499 1108 2184 585 182 432 1868 1896 57 2214 165 1390 2573 630 2282 2037 899 2127 2146
1776_A,1532 1842 1288 444 1025 2509 1430 810 2003 2522 262 1023 1638 2054 2564 1946 1993 2247 1778 1758 258 830 2279 413 1939
1776_C,1532 1842 1288 444 1025 2509 1430 810 2003 2522 262 1023 2054 1638 1946 2564 1993 2247 1758 830 1778 1592 573 2279 258
1776_D,1532 1842 1288 444 1025 2509 1430 810 2003 2522 262 1023 1638 2054 2564 1946 1993 2247 1778 1758 830 258 2279 1592 413
1781_B,1380 751 2046 1641 1644 436 1116 528 2422 1092 1284 267 2098 689 1443 911 1138 2131 2085 1751 1453 1680 2504 2533 2148
1781_C,1380 751 2046 1641 1644 436 528 1116 2422 1092 1284 267 689 1443 2098 911 1138 1751 2131 1680 2085 2504 2533 1453 65
1781_D,1380 751 2046 1641 436 1644 528 1116 2422 1092 1443 267 911 1138 2098 1284 689 1453 1751 2504 2533 2131 1680 65 2085
1797_B,441 996 1210 1520 865 2050 1167 915 1169 1782 1725 457 2529 233 1373 1954 719 1151 2514 2531 1651 928 686 246 2342
1797_C,996 441 1210 1520 865 915 2050 1169 2514 2531 1782 1167 1373 1151 457 2529 233 1954 719 1423 1651 1230 928 686 1725
1797_D,1520 441 996 1210 2050 865 1782 915 1725 457 719 1167 1169 233 2529 2505 1954 246 1373 2551 277 1831 928 1523 2531
1800_A,1054 1858 1795 1514 2135 2346 496 1510 2566 699 1138 2107 2048 1722 2181 958 1805 1135 1751 2119 1453 1958 1435 941 160
1800_B,1054 1858 1795 2135 1514 2346 496 1510 2566 699 2107 1138 2181 2048 1722 1751 1805 1453 1135 958 2119 160 2167 1958 1435
1800_C,1054 1795 1858 2135 1514 2346 496 1510 2566 699 2107 1138 2181 2048 1722 1751 1453 1805 1135 958 2119 160 2167 1958 1435
1806_A,190 1680 1247 267 1116 572 954 2008 636 2098 1343 1614 1734 1644 641 528 2045 2085 346 871 1092 33 389 1630 533
1806_B,190 1680 1247 267 572 2008 954 2045 1644 1116 1343 1614 636 2098 1734 528 1630 33 2085 346 1092 689 452 1443 641
1806_C,190 1680 1247 267 572 1116 2008 954 636 1614 1343 1734 2098 528 1644 641 33 2045 2085 346 1630 1092 389 79 871
1820_A,2454 2336 625 933 1389 434 48 236 426 785 532 448 1368 114 1199 1425 280 813 2219 2365 367 281 585 2037 1897
1820_C,2454 2336 625 933 1389 48 434 236 426 785 532 448 1368 1199 114 1425 280 813 2219 2365 367 1897 281 585 2037
1820_D,2454 2336 625 933 1389 434 48 236 426 785 532 448 1368 1199 1425 280 114 813 2219 2365 367 281 585 1897 2037
1828_A,2117 8 2362 309 725 2370 2121 1707 1434 431 2459 1321 2365 356 426 1296 235 9 2300 236 1483 2 1699 48 154
1828_C,2117 8 2362 725 309 2370 2121 1707 1434 2459 2365 431 1321 356 426 1296 235 9 2300 1483 236 2 1389 48 154
1828_D,2117 8 2362 309 725 2370 2121 1707 1434 431 2459 1321 2365 356 426 1296 235 9 2300 1483 236 2 48 154 1389
1839_A,2389 77 931 940 2285 2270 462 575 2316 487 657 2175 2445 948 64 1346 208 2271 909 73 1713 168 27 516 1664
1839_B,2389 77 931 940 2285 2270 462 575 487 657 2316 2445 948 2175 64 1346 208 2271 909 516 27 1713 73 974 168
1839_C,2389 77 931 940 2285 2270 575 462 2316 2175 657 487 2445 948 64 1346 208 2271 909 1713 974 73 516 1948 27
1849_A,391 2135 32 1113 876 1127 2487 1510 2445 969 224 902 1108 1443 948 220 1054 621 1137 315 452 1697 160 729 460
1849_B,391 2135 1113 32 876 1127 2487 2445 969 1510 224 902 1108 948 1443 621 220 1054 1137 1697 315 160 729 452 460
1849_D,391 2135 32 1113 876 1127 1510 2487 969 2445 902 224 1108 621 1443 1137 948 220 315 1054 1697 452 160 729 267
184_A,834 2317 1115 2472 1720 1394 713 81 672 1058 2016 878 1213 2284 1055 936 440 1493 1716 1240 673 2407 290 1887 1293
184_B,834 2317 1115 2472 1720 1394 713 81 672 1058 878 2016 1213 1055 2284 1493 673 1716 936 440 2407 1240 1293 1887 290
184_D,2472 2317 834 1115 1720 713 1394 81 1198 672 1240 936 2284 1213 290 523 1354 1058 2407 2016 1055 440 1164 1716 1293
1854_A,989 790 991 509 489 1585 2286 119 919 417 1037 1559 747 1844 284 828 1036 982 11 1731 2440 1674 227 264 71
1854_C,989 790 509 991 489 1585 119 2286 919 417 1037 747 1559 1844 284 982 828 1674 1731 1036 2440 11 264 227 780
1854_D,989 790 509 991 489 1585 119 2286 919 417 1037 747 1559 1844 284 2440 1674 982 1036 1731 828 11 264 780 71
185_A,1379 1988 2392 1605 2515 2330 1248 650 1522 276 2006 1194 1402 2238 123 717 1319 2320 1403 2116 2431 1529 2216 2144 1675
185_B,1379 1988 2392 1605 2515 2330 1248 276 1522 650 2006 2238 1319 2116 2320 1194 123 717 1402 1403 2431 2144 1727 1529 822
185_C,1379 1988 2392 1605 2515 2330 1248 650 1522 276 2006 1194 2238 1402 123 717 1319 2320 1403 2431 2116 1529 2216 2144 1174
187_A,1128 2009 1814 2100 1599 2340 147 2158 1939 717 791 513 2314 1999 2320 2278 2238 2173 2430 276 1975 1811 2215 1972 2311
187_B,1128 2009 2100 1814 1599 2340 2158 147 791 1939 717 1999 2314 513 2320 2278 2173 2430 2238 276 1975 1972 2215 2311 1811
187_C,1128 2009 1814 2100 1599 2340 2158 147 791 717 1939 1999 2314 513 2320 2278 2173 2430 2238 276 1975 1811 1972 2215 2311
188_A,282 1990 772 2155 1748 1572 797 2041 895 740 883 470 1961 563 268 805 101 2177 1397 642 2026 283 287 2465 1367
188_B,282 1990 772 2155 1748 1572 797 2041 895 740 883 470 1961 563 268 805 101 2177 1397 642 2026 283 287 2465 1367
188_C,1990 282 772 2155 1748 1572 797 2041 895 883 740 470 1961 563 268 805 101 1397 2177 642 2026 283 2465 287 1367
205_B,1626 2476 191 1273 1334 350 874 2327 1170 980 24 358 22 1750 1525 2375 1595 1470 1526 1244 757 2321 505 285 1189
205_C,191 1626 2476 1273 1334 350 1470 757 980 1170 2327 874 1244 1750 24 358 2375 1403 1595 2409 2321 22 2431 1066 505
205_D,191 1626 1273 2476 1334 350 1470 757 1170 980 1244 24 874 2327 1750 358 1595 2375 1403 505 2321 2409 1670 1066 1189
207_A,373 583 911 969 621 1639 160 2567 107 1380 220 751 1444 2119 2135 971 2256 528 1805 1900 32 795 2096 1597 2422
207_C,373 583 911 969 220 621 107 2567 1380 751 1639 528 160 2256 32 1900 2135 1443 1444 2422 2046 971 2119 795 1805
207_D,373 911 583 969 220 107 751 528 2567 1380 621 2256 32 1443 1900 1639 2135 2422 160 2046 1444 1116 1153 971 267
248_A,951 1806 1133 1745 332 694 76 156 510 1860 2502 1239 379 2425 383 1512 1388 290 2544 1029 1832 1826 1603 212 1777
248_B,951 1806 1133 694 1745 332 76 510 2425 156 2502 1388 1239 1826 1512 379 383 290 1771 2544 1603 783 1436 1860 212
248_C,951 1806 1133 694 1745 332 76 2425 510 156 1388 2502 1239 1512 379 383 1826 290 2544 1603 1771 783 1436 212 1860
253_A,2362 2117 309 8 2121 725 2370 1707 2459 2365 699 9 1296 1434 1314 426 356 431 1321 2 48 236 1699 1483 1389
253_B,2117 2362 309 2121 8 725 2370 2459 1707 699 1434 431 2365 9 1296 426 356 1321 48 236 241 647 2 1699 1483
253_D,725 2370 8 1707 2362 1314 2117 309 2365 2121 2310 1391 1390 2460 432 356 480 2184 9 2289 219 2459 1389 1296 367
255_B,1142 2579 493 984 1479 1624 1492 1209 1841 2484 1807 2034 1173 687 1431 893 20 825 2075 1915 1104 1166 169 2178 1980
255_C,1142 2579 493 984 1479 1624 1492 1209 1841 2484 687 1807 2034 1173 1431 20 893 825 2075 1915 1104 1166 2178 1980 169
255_D,1142 2579 493 1479 1624 1492 984 1173 1209 1841 2484 893 2034 825 1431 20 1807 687 1104 2075 1166 1915 169 774 956
256_B,2204 1065 1968 911 220 618 828 871 1802 617 107 721 1180 2098 533 709 751 2300 366 969 1252 877 881 340 1680
256_C,2204 911 220 871 107 617 1065 1968 2098 828 969 721 1802 751 618 366 533 1680 1180 583 709 1116 2567 373 1092
256_D,2204 911 220 107 617 871 2098 751 1065 366 1968 721 618 1680 533 1802 828 1116 969 1180 709 1453 583 2567 2533
265_A,554 1423 535 1984 402 746 457 1335 2105 1052 1686 1443 192 1657 2531 233 1369 877 1746 4 590 881 542 811 1985
265_C,554 1984 1423 535 402 457 746 1335 1052 2105 1443 1686 192 2531 1657 233 1369 877 1746 590 4 881 452 542 1175
265_D,1423 402 554 535 1984 1443 457 746 1335 2105 233 1052 192 452 1686 2531 877 4 32 1369 1657 1175 542 1746 811
295_B,902 876 2445 948 1137 1346 909 32 446 2316 2175 82 621 64 729 1664 391 27 460 492 1172 2245 2527 1994 1113
295_C,902 876 2445 948 1137 1346 909 32 446 2316 2175 82 621 729 1664 64 391 27 460 492 1172 2245 1994 2527 1113
295_D,902 876 2445 948 1137 1346 909 32 446 2316 2175 82 621 729 64 1664 391 27 460 492 1172 2245 1994 2527 1113
29_A,811 38 1829 1590 2217 981 1214 969 863 958 1937 1754 2408 1880 712 1294 220 74 1196 84 160 1660 664 1408 2135
29_C,811 38 1829 2217 1590 1214 969 863 981 1937 958 2408 1294 712 1754 1196 1880 74 1408 84 220 1660 664 720 160
29_D,811 38 1829 1590 2217 981 1937 1214 969 863 1880 958 1754 84 2408 1660 1196 160 1294 712 720 664 2135 1408 74
313_A,974 2441 602 1800 2001 1082 261 1400 314 34 1024 199 1663 1181 1404 1597 697 1299 1035 2187 2350 160 1534 438 1416
313_C,974 2441 602 261 1800 2001 1082 1400 1024 34 1181 314 1663 199 697 1597 1299 1534 1404 1416 160 1035 173 438 2350
313_D,974 602 2441 1400 1800 34 2001 1082 261 1597 314 1024 1181 160 199 1299 1663 1404 697 1558 2167 1035 1416 2350 2187
333_B,1054 1795 1858 1514 2346 496 2135 699 1138 1510 2107 2566 2048 1751 1722 2181 1453 958 691 2119 980 1958 1135 1805 2203
333_C,2346 1054 1795 496 2566 2107 1135 2135 1858 1514 2119 2167 699 1138 1435 1282 1805 2181 160 2203 691 958 736 1510 1937
333_D,1054 1795 1858 1514 2346 2135 496 1510 699 1138 2107 2566 2181 2048 1722 1751 1453 958 2119 1805 1135 1958 691 2203 160
33_A,2047 2091 1456 62 2526 1608 1530 1903 2118 559 2095 1831 1688 608 961 11 1519 747 2511 601 1187 2318 803 1832 1945
33_B,2047 2091 1456 1530 62 2526 601 961 2095 2318 747 11 1519 1608 559 608 1903 1753 2145 2118 1945 1187 1688 218 1832
33_C,2047 2091 1456 1530 62 2526 601 961 2095 2318 747 11 559 1519 1608 1753 608 2118 1903 1187 2145 1945 1688 218 2511
346_A,1820 1053 2061 1452 326 2262 1223 1799 777 888 1864 1918 2356 21 105 862 1350 498 1646 129 221 2163 181 2168 787
346_B,1820 1053 1452 2061 326 2262 1223 1799 777 888 1864 1918 2356 21 105 862 1350 1646 498 129 181 221 2163 787 624
346_C,1820 1053 1452 2061 326 1223 2262 1799 777 888 1864 1918 2356 21 105 1350 862 498 1646 129 221 181 2163 2168 624
348_A,1322 950 443 2239 2081 1179 2401 10 1720 1564 99 386 2366 13 1702 2492 1189 2317 830 2417 2150 1115 1356 2472 1995
348_B,1322 950 443 2081 2239 1179 2401 10 2281 13 1720 1995 1564 2150 1666 2366 1902 1736 1702 1433 1650 2317 2472 99 3
348_D,1322 443 2081 2239 950 2401 1179 10 1720 830 1033 2492 1649 2281 1398 804 1623 1744 1307 99 1702 2150 1526 1995 1564
355_A,2355 1007 926 1687 1399 1877 2261 801 92 411 1640 537 2572 95 2210 2026 396 805 821 860 515 1348 2432 1370 1836
355_B,2355 926 1007 1687 1399 1877 2261 801 92 2218 537 515 193 411 785 2572 2432 2570 95 2210 1348 1640 2026 927 1370
355_D,2355 926 1007 1687 1399 1877 2261 801 92 411 2210 1640 2572 537 2218 805 114 193 2432 515 95 1348 1442 2026 1176
362_A,130 1896 1743 401 900 1196 1294 1108 57 2573 2382 2214 1417 165 1291 2282 1499 1304 2500 569 2491 969 2324 1974 1893
362_B,130 1896 1743 900 1108 401 57 1417 2573 2382 2214 1291 2500 165 1304 2491 1499 1294 1196 2282 1974 1049 2127 1849 1266
362_D,130 1896 1743 900 401 1417 57 2573 2500 1108 2214 2382 1291 1294 1974 2491 1049 1849 1499 2127 1304 1196 347 165 1566
375_A,992 2290 1391 1543 369 110 1583 333 144 2416 745 2275 1108 118 2269 1760 2146 1584 275 2184 269 432 1154 2427 1611
375_B,992 2290 1391 1543 369 110 1583 333 2416 144 745 2275 1108 118 2269 1760 2146 275 1584 2184 432 269 1154 2427 1611
375_D,992 2290 1391 1543 369 110 1583 333 144 2416 745 1108 2275 118 2269 1760 2146 1584 275 2184 432 269 1154 2427 1611
383_A,533 1900 2488 1127 2487 452 2230 1345 208 1336 315 2414 641 1544 1205 1005 2045 1206 29 1510 2518 1516 706 168 1084
383_C,1900 2488 1090 1345 533 2230 1336 1084 583 1510 452 1005 315 1004 1205 2487 1127 1544 433 2518 208 706 1444 1054 2414
383_D,1900 533 2488 1345 2230 1090 1336 1084 1510 452 1005 315 583 1127 2487 1544 1205 2414 1004 2518 706 208 1206 286 433
424_A,1333 1252 159 2072 590 653 1985 808 1926 1292 1325 828 881 2115 2105 1883 1678 71 1780 877 454 1175 2204 982 2353
424_B,1333 1252 159 2072 590 653 1985 808 1926 1292 1325 828 881 2105 2115 1883 1678 71 1780 877 454 1175 2204 982 2353
424_C,1333 1252 159 2072 590 653 1985 808 1926 1292 1325 828 881 2115 2105 1883 1678 71 1780 877 454 1175 2204 982 2353
425_A,1825 1358 606 29 848 2363 2178 2021 1548 820 2078 792 2015 1469 1593 347 1540 1918 1104 1379 363 1261 546 1184 1807
425_B,1825 1358 606 848 29 2363 1548 2021 2178 2078 820 792 1469 1593 2015 1918 1104 1540 1261 363 347 2398 546 1184 1807
425_D,606 2363 1358 2021 820 1825 2178 1469 848 1548 1540 29 579 1130 347 659 1424 1207 804 363 1128 120 1739 1523 2078
436_B,971 795 1639 160 2101 2096 2469 2225 2566 1282 2167 602 1435 1805 670 1824 2326 96 234 1383 2054 1695 1937 1360 1793
436_C,795 971 1639 2101 160 2096 2469 2225 2566 1282 2167 602 1435 1805 2326 234 96 670 1824 1383 1360 1695 2054 1937 1793
436_D,795 971 1639 2101 160 2096 2469 2225 2566 1282 2167 602 1435 1805 2326 234 96 1383 1824 670 1360 1695 2054 1937 1793
437_A,834 2317 1115 1720 2472 713 81 1394 2016 1582 1058 673 672 2252 1055 845 2386 2284 1716 1213 1552 2376 1293 1198 1887
437_B,834 2317 1115 1720 2472 713 81 1394 2016 673 1582 1058 1055 2252 672 2386 845 2376 1213 1198 2284 1552 1716 1293 936
437_D,834 2317 1115 1720 2472 713 81 1394 673 1582 1055 2016 2252 672 1058 845 2386 2284 1213 1552 2376 23 1293 878 1716
451_A,572 2045 954 1247 1630 190 1644 2008 267 1680 1614 346 689 1443 452 2085 400 1343 2098 2352 593 775 1116 960 519
451_C,572 190 1247 1680 954 267 2045 2008 1630 1614 1644 1343 346 1443 1116 2085 400 689 452 79 528 636 580 2098 593
451_D,572 2045 190 1247 1630 1680 954 267 2008 1644 1614 1343 346 689 452 400 2085 1443 1116 79 2098 775 636 519 580
454_A,520 481 516 674 566 879 657 458 2271 2530 656 1214 575 617 662 1026 568 1361 1858 1251 1054 1948 2487 1924 2048
454_C,520 481 516 674 566 879 657 458 2271 2530 656 1214 575 662 617 1026 568 1361 1858 1251 1054 1948 2487 1924 2048
454_D,520 516 481 674 566 879 657 2271 1361 2530 458 1214 568 1858 662 617 656 1054 575 234 1026 1251 2487 2419 1338
458_B,1820 1053 1452 2061 2262 326 1799 1223 1918 888 1864 1350 2356 2163 777 105 21 862 1646 129 787 806 624 498 2168
458_C,1053 1820 1452 2061 2262 1799 326 1223 1918 888 1864 1350 2356 2163 777 105 21 862 1646 129 2168 787 498 624 806
458_D,888 1053 2262 1820 1452 2061 1864 1918 1799 1223 326 777 862 2163 2356 105 1350 129 787 498 21 624 1646 806 221
462_B,25 1924 966 1776 1598 1696 49 471 1691 1214 1110 244 1324 1277 1458 969 2076 2148 1291 245 256 337 176 1417 481
462_C,1805 1214 1294 2566 1282 2530 160 245 1435 391 2217 481 1929 1566 2167 971 1135 1291 1696 1400 1324 1937 1196 286 2487
462_D,1598 1494 966 1324 1254 1776 244 1110 1214 1691 471 1694 1924 1696 1146 969 337 930 1291 49 74 25 245 2530 569
473_A,1016 2565 22 2375 874 2546 1428 45 2327 242 2402 1317 2395 1244 1556 2321 711 1938 2002 1342 60 980 1675 358 1474
473_B,2375 2565 1016 2546 2321 2395 22 1428 2327 2402 1317 45 1244 1556 1474 874 358 711 980 1795 1647 60 150 1526 222
473_C,2375 2546 1016 2565 2321 22 2395 1428 2327 2402 1244 1317 45 1556 874 1474 358 711 980 60 1647 1795 242 150 1526
481_A,2185 2237 1365 1981 388 2165 2107 1468 1518 1349 2562 1937 1372 2346 1124 691 1177 2456 2119 1471 2298 2375 2217 397 2381
481_B,2185 2237 1365 1981 388 2165 2107 1468 1518 1349 2562 1937 1372 2346 691 1124 1177 2456 2375 2298 397 1471 2119 2381 2217
481_D,2185 2237 1365 1981 388 2165 2107 1468 1518 1349 2562 1372 1937 2346 1124 691 1177 2456 2375 2298 397 1471 2119 2381 2217
487_A,618 1706 1357 1968 935 700 1899 833 1446 1668 1527 2186 535 2302 2040 567 721 1180 723 2050 110 2204 1447 2044 663
487_C,618 1706 1357 1968 700 935 833 1899 1446 1527 1668 2186 535 2302 2040 567 1180 2204 723 721 110 2050 398 1678 2044
487_D,618 1706 1968 1357 935 700 1899 833 1668 1446 567 1527 2186 535 2040 2302 110 721 2050 2044 1180 1447 723 2464 663
49_A,1322 443 2081 950 2239 10 2401 1179 1902 2281 2149 2366 556 2492 685 1995 1373 17 445 486 99 2485 1488 1107 581
49_B,1322 443 2081 950 10 2239 2401 1179 2366 1902 2281 685 1373 556 1995 2492 2149 2132 2485 17 1151 263 1529 99 1547
49_C,1322 443 2081 950 2239 1179 2401 10 2281 1995 1902 2149 2366 99 2273 685 556 1107 1514 1231 1684 1373 2150 263 2492
501_A,120 1429 6 715 579 249 2234 843 296 990 1206 1761 571 353 1173 1212 2038 2124 986 684 2128 2190 1469 820 2373
501_B,120 1429 6 715 579 843 2234 249 990 296 1761 1206 571 353 1173 986 2124 1212 2038 684 1469 2373 820 2128 2190
501_D,120 1429 6 715 579 843 2234 249 1206 296 990 1761 353 571 2124 1173 986 2038 684 1469 1212 2128 2190 820 907
51_A,779 2125 1845 1628 1319 1334 2476 1626 2431 1403 1051 955 1416 1577 261 565 697 350 1366 2481 173 1022 1299 276 2411
51_B,779 2125 1845 1628 955 1626 2476 1334 1051 1577 1319 565 2431 1403 1416 2411 1022 261 1366 697 2405 173 1983 1299 276
51_C,779 2125 1845 2431 1628 1319 1403 1051 1626 1334 1577 2476 1416 261 1022 697 955 565 276 173 2411 1366 2481 2574 2272
520_B,1730 587 1342 1898 2305 611 1332 2552 285 2346 1708 2326 424 234 1383 2419 496 369 2101 2335 1145 2330 96 1675 2107
520_C,1730 587 1342 1898 2305 611 1332 2552 285 2346 1708 2326 424 234 1383 496 2419 369 2330 2101 2335 1675 1145 96 2107
520_D,1730 587 1342 1898 2305 611 1332 285 2552 1708 2346 2326 424 234 1383 2419 496 2330 2101 369 2335 1675 96 1145 2107
539_B,545 1815 255 294 2104 2213 773 570 700 355 1706 1668 764 2302 535 405 833 1357 1899 935 2137 1678 1446 1527 464
539_C,545 1815 255 294 2104 2213 773 570 700 1706 355 1668 2302 535 764 1899 405 833 1357 1527 935 1446 2283 1678 464
539_D,255 545 2213 1815 294 2104 570 773 1509 789 764 2137 405 1370 270 618 355 398 1283 464 2050 2258 1725 527 1357
540_A,1809 399 794 837 2515 1344 1705 1157 1867 1764 1591 2116 716 1817 2461 2304 877 1123 322 1988 829 37 1379 1576 1165
540_B,1809 794 399 837 1705 2515 1157 1591 1344 1817 716 1165 2461 2116 1764 322 37 2304 829 2448 1576 1861 1988 1379 877
540_C,1809 794 399 837 2515 1705 1157 1344 1817 1591 716 2461 1165 2116 37 1764 322 829 2304 1988 1861 1379 2448 1576 1727
550_A,1345 2306 1005 1507 1516 706 1672 2181 1941 1963 2488 15 2532 1084 328 1862 1361 1336 1054 2518 657 2143 2027 911 315
550_B,2306 1345 1507 1005 706 1516 1672 2181 1941 1963 2488 15 2532 328 1084 1862 1361 1336 1054 2518 657 2143 2027 911 315
550_D,2306 1345 1005 1507 706 1672 1516 2181 1941 1963 2488 15 1361 2532 1336 328 1084 2518 1862 1054 657 2143 2051 1510 1090
601_A,1686 1746 1763 1741 1661 1369 1685 814 1895 1657 1831 1854 2193 1271 1229 206 459 1944 2555 768 977 1455 2137 1347 1442
601_C,1686 1746 1741 1661 1685 1369 1895 814 1763 1657 1271 184 1043 1375 2531 2555 1854 459 1229 1500 973 206 1831 1347 2193
601_D,1686 1746 1741 1763 1661 1369 1657 814 1831 206 1685 1271 1854 1229 1895 2193 1944 459 1043 1837 402 2531 207 2555 764
604_A,2481 261 2288 1416 199 697 1299 175 2335 955 565 189 997 2582 779 1708 1628 198 438 2125 328 2084 1845 64 1051
604_B,261 2481 1416 2288 199 1299 697 175 2335 955 565 189 997 2582 779 1708 1628 2125 328 198 2084 438 1845 64 1051
604_C,2481 261 1416 2288 697 2335 565 1299 175 1628 779 955 997 199 1708 2125 189 1845 198 1051 2582 438 2574 328 2000
618_B,2361 2510 318 1786 329 292 800 122 2138 804 1955 1914 1965 1632 847 619 1033 2191 2276 1070 658 1469 2039 1822 1478
618_C,2361 2510 318 329 1786 292 804 122 1955 2138 800 847 1033 619 1914 1632 1965 2191 1204 1469 1523 1320 2276 1070 2503
618_D,2361 2510 329 318 804 122 1786 1033 1955 2138 292 847 619 1469 800 1204 1632 2191 1914 1523 854 1965 2503 1320 1750
61_A,2124 2012 1587 296 2093 2387 990 671 120 2520 781 1384 1396 1088 956 916 1103 1474 1760 839 760 2053 571 756 1548
61_C,2124 2012 2093 1587 296 2387 990 120 2520 671 1396 1088 781 956 1384 916 1103 839 2053 760 1474 1760 571 1548 756
61_D,2124 990 2012 120 1587 296 1739 2093 2021 2387 1469 956 579 756 684 353 716 571 986 1001 1474 2066 1523 1396 1548
625_A,2361 2510 847 1786 292 804 1914 122 329 1955 318 800 1822 658 2503 2322 1632 1204 248 335 2276 308 619 854 2206
625_B,2361 2510 1786 847 1914 292 804 329 1955 122 318 800 1822 658 1632 335 2503 308 1204 1070 619 248 2322 854 2276
625_D,2361 2510 1786 847 804 292 1914 329 122 1955 318 800 1822 658 1632 335 2503 248 2322 2276 308 1070 1204 2138 2112
632_A,1028 417 1123 11 1582 1867 1586 901 1193 788 1100 1183 1517 693 2435 2320 2095 2318 2252 2304 2238 1681 300 1764 717
632_C,1028 417 11 1123 1582 1586 1867 1193 788 901 1100 1183 1517 693 2435 2095 2320 2318 2304 2252 2238 1681 300 1300 1764
632_D,1028 417 1123 11 1582 1867 1586 901 1193 788 1100 1183 1517 693 2435 2095 2320 2318 2304 2252 2238 1681 300 1764 1300
641_A,1554 331 1693 109 710 1356 2417 243 131 2292 842 1267 1610 266 1758 1638 2097 1262 1808 2247 683 288 59 2215 1614
641_B,1554 331 1693 109 710 1356 2417 243 131 842 1267 2292 1610 266 1758 2097 1638 1262 1808 2247 683 288 59 2215 1614
641_C,1554 1693 331 109 710 1356 2417 243 131 842 2292 1267 1610 266 2097 1758 1638 1262 1808 683 2247 288 59 1614 2215
647_A,19 1140 429 349 2082 2384 1774 93 2020 171 44 937 2011 754 1936 578 1676 1504 703 1438 1323 482 598 1301 1459
647_B,19 429 1140 349 2082 2384 1774 93 2020 171 44 937 2011 754 1936 1676 578 1504 703 1438 1323 482 598 1301 1459
647_D,754 578 2020 429 349 44 19 1774 2384 1438 93 482 1936 1140 2082 171 1459 937 2011 1323 1676 703 598 1301 1504
648_A,1872 1639 2567 1153 1597 894 2131 602 2225 160 1800 2256 621 2096 795 974 1805 2143 2479 971 82 751 107 1400 2566
648_B,1872 2567 1639 2131 1153 894 602 1597 2225 2256 1800 2096 2143 160 621 751 795 974 2479 971 373 107 969 1024 1805
648_D,1872 2567 1639 1153 1597 2131 894 2256 1800 602 2225 2143 160 974 621 2479 1805 2096 795 107 751 583 1400 971 373
658_A,1111 1456 2511 866 1662 780 1464 2060 2146 384 803 1276 2113 2282 1017 2424 1304 900 1768 165 2425 1832 918 1391 422
658_C,1111 1456 2511 866 1662 1464 780 2060 2146 384 803 2113 1276 2282 1017 1304 1768 918 900 2424 422 165 2425 1391 1832
658_D,1111 2511 1456 1662 1464 866 2060 780 384 1017 2146 803 2113 1276 918 2425 1020 62 2424 1832 523 2282 1304 2095 1391
688_A,8 725 1707 1314 2370 2365 2117 2362 2310 235 309 2121 1391 2156 2460 1897 1791 1434 1321 426 236 280 2459 2266 872
688_B,114 1425 585 813 1868 1389 2037 281 625 2454 2365 1314 434 2336 8 1588 899 1897 182 532 1368 280 2310 630 2370
688_D,2362 725 1314 2117 8 2365 2370 1707 48 309 875 236 2121 241 426 2334 1389 2459 2310 1434 1897 1997 1391 2454 9
695_A,1862 15 706 1507 1005 2359 125 566 1259 1516 2306 674 657 2532 1589 1672 1734 568 1345 1963 1558 1875 2273 1941 2140
695_C,1862 15 706 1507 1005 566 125 2359 674 1259 657 1516 2306 568 1589 2532 1558 1734 1672 1963 1345 1875 2273 339 1941
695_D,1862 15 706 1507 1005 125 566 2359 1259 674 568 657 2306 1589 1516 2532 1734 1558 339 2273 1875 1076 1672 1345 376
699_A,1073 1287 1177 1923 2471 691 2319 365 1677 397 2456 2439 1349 2151 903 2064 2318 1098 2211 2408 188 2551 632 1136 1306
699_C,1073 1287 1177 1923 2471 691 2319 365 1677 397 2456 2439 1349 2151 903 2064 2318 1098 2211 2408 188 2551 632 1136 1306
699_D,1073 1287 1177 1923 2471 691 2319 365 1677 397 2456 2439 1349 2151 903 2064 2318 1098 2408 2211 188 2551 1136 632 1306
6_A,847 2510 2361 804 292 1786 329 1955 1914 122 318 800 1822 1270 658 1622 1632 1204 2503 2322 854 619 39 67 1750
6_C,847 2510 2361 804 329 1786 292 1955 122 318 1914 1270 1622 1822 800 2503 1204 658 2322 1632 854 1341 39 619 2191
6_D,804 2510 329 2361 847 1033 1469 318 2021 2112 1955 1601 1622 122 1270 2503 1204 2138 659 1523 820 1341 854 619 248
713_A,2331 1445 343 468 1594 2543 1362 1329 1203 1307 2351 924 1879 1770 953 635 603 463 1260 248 1769 2180 2501 2249 714
713_C,2331 1445 343 468 1594 2543 1329 1203 1362 2351 924 1307 1879 1770 953 635 603 463 248 1260 1769 2180 2249 714 2501
713_D,2331 1445 468 1329 343 2543 1594 1362 1203 924 1307 2351 1879 953 1770 635 603 463 1769 1260 248 678 2180 2249 932
720_A,945 2027 24 2340 1595 2260 1189 1526 190 2568 1244 528 1524 1680 1866 436 2052 1092 65 1781 380 14 1670 488 1700
720_B,945 2027 24 1595 1189 2568 2260 1524 1244 1866 2340 1680 1781 190 710 1526 2504 528 316 1670 968 1092 488 1525 14
720_D,945 2027 24 1595 2260 2340 1189 2568 1524 1866 528 1244 14 190 1092 1680 2504 1526 710 1781 436 1670 65 380 1700
723_A,379 212 2043 2425 1826 1745 1771 510 783 951 1806 132 1487 807 1766 2080 2577 1512 460 1448 2042 492 569 1768 2502
723_B,379 212 2043 2425 1826 1745 1771 132 783 2080 510 1766 1768 569 1487 117 2324 807 951 1512 166 2539 244 1806 2382
723_D,540 1494 1694 882 2425 379 1745 922 1771 1826 2577 807 2043 212 1487 951 132 1512 1806 2047 783 510 2042 117 166
724_A,1990 282 1748 2155 1572 772 2041 895 2465 101 1541 1961 797 642 283 740 287 1397 2177 805 563 268 2443 470 1367
724_B,1990 282 1748 2155 1572 772 2041 895 2465 101 1541 642 283 797 1961 287 740 1397 2177 805 563 268 2443 470 1367
724_D,1990 282 1748 2155 1572 772 2041 895 2465 101 1541 1961 797 283 642 740 287 1397 2177 805 563 268 2443 1367 1949
764_A,24 1595 2260 710 239 1189 1356 2568 945 1689 1693 842 2150 1377 1702 995 2340 2358 1950 1473 2110 2169 1534 2545 1010
764_C,945 24 1356 2260 239 710 1595 1189 1689 2340 1693 131 2150 2568 2358 1702 1670 2545 842 2169 1950 1010 995 1377 1534
764_D,2260 24 945 1595 239 710 1356 1189 1693 2340 2150 2568 131 842 2358 1702 1689 1377 2110 243 995 2545 301 1950 1473
770_B,2066 2463 78 1976 495 2406 2134 408 1374 707 2400 6 1280 477 209 1206 733 538 353 120 546 1008 133 257 2078
770_C,2463 78 1976 2066 495 2406 2134 408 1374 707 2400 1280 6 209 477 1206 733 546 538 133 353 1008 2078 257 120
770_D,2066 2463 1976 78 495 2406 707 2134 6 408 2400 1374 1280 1206 477 120 353 209 538 733 1008 133 1429 257 1001
772_A,1035 2350 2187 1404 2288 2481 2055 189 394 2335 786 2002 955 1708 261 175 2451 565 2000 1299 2525 1628 198 1416 697
772_B,1035 2350 2187 1404 2481 2055 2288 189 394 2002 2335 786 955 2451 261 1708 175 565 1299 198 2000 2525 1628 697 1416
772_D,1035 2350 2187 1404 2288 2481 189 2055 394 2335 2002 955 1708 786 565 261 198 1299 2000 1628 175 697 1750 2525 2451
782_A,1825 1358 606 848 29 2363 1548 2021 2178 2078 792 820 1469 1593 2015 1918 1104 1261 1540 347 363 1184 546 2398 1350
782_C,1825 1358 606 848 29 2363 1548 2021 2178 2078 820 792 1469 1593 2015 1918 1104 1261 1540 347 363 1184 546 1807 2398
782_D,1358 2363 606 2021 1825 820 1469 2178 1548 848 29 1540 659 579 804 1128 1130 347 1424 1207 1033 2066 1739 1523 1918
785_A,28 464 2499 2341 841 241 1907 35 1550 455 355 773 405 1087 1426 647 2570 1331 1505 654 431 943 1106 2219 2236
785_C,464 2341 28 2499 841 35 355 455 1550 1087 647 241 773 1331 405 1505 2570 1426 1907 431 654 1434 2219 2236 943
785_D,464 2341 773 2499 841 28 405 534 1426 355 1550 35 455 2570 654 1907 1406 1087 943 2236 431 2219 367 1505 1331
787_A,74 1510 1138 1722 959 245 2027 969 1795 1110 1345 1963 1336 1751 1005 905 958 1929 1060 1951 75 1507 1084 34 712
787_B,74 1510 1138 959 1722 2027 245 1110 969 1795 1345 1963 1751 1336 1005 958 712 1929 1507 905 34 1829 1084 1060 1951
787_C,74 1510 1138 1722 959 1795 245 2027 969 1345 1110 1963 958 1751 1005 905 1336 34 1060 1929 1507 1084 2181 75 1558
792_A,1924 49 25 391 966 1417 1776 1127 1458 1598 2076 1214 1277 245 1110 481 1291 1276 832 1543 1803 195 2487 1717 176
792_B,1924 49 391 25 966 1127 1417 1776 1458 2076 1598 1214 1277 245 481 1110 1276 1543 2487 1291 832 195 1510 1803 176
792_D,1924 49 25 391 966 1776 1417 1458 1127 1598 2076 1214 1277 245 1110 481 832 1276 1291 1543 1803 195 176 1717 2487
793_A,2517 1658 82 2290 664 1543 2217 2107 333 958 2566 1510 144 2167 483 1958 1400 1937 876 1054 2165 160 391 992 1135
793_C,1543 2290 1658 333 269 992 1760 1989 144 2269 110 1611 745 1510 1127 391 2107 2517 369 445 1585 90 1544 1205 2242
793_D,1543 2290 333 1658 992 2269 144 2107 1760 269 1510 2517 1989 1611 664 110 391 369 1127 2566 745 1958 286 2217 1583
794_A,2065 289 1132 965 1222 1912 2548 1575 164 2265 148 1465 1249 1409 2295 437 724 604 1511 1508 1563 2364 2309 1255 344
794_B,1912 2065 1132 965 1575 1409 2265 2295 148 1222 1511 2548 437 289 1249 1563 2309 724 1508 164 2364 1255 1465 344 1794
794_C,1912 965 1575 2065 1132 1409 2295 148 2265 1222 2548 1511 289 437 1563 1249 2309 1508 724 164 2364 1255 1465 344 1794
798_A,583 2143 2567 911 107 373 1639 160 1800 969 1597 974 1444 1805 2256 220 1345 1084 971 795 1400 2225 2167 1153 2488
798_B,583 2143 2567 911 107 160 1639 373 1800 969 1597 1444 974 1805 220 2256 971 1345 1084 795 2225 2167 1400 2131 2488
798_C,583 2143 2567 911 107 160 1639 1800 373 1597 969 1805 974 1444 2256 220 971 1400 1084 795 1345 2167 2225 602 1004
812_A,1674 211 1519 2492 300 99 600 378 2145 1945 1488 1603 1102 2032 2437 417 2286 1602 919 696 1860 790 11 1723 747
812_B,1674 1519 211 2492 300 99 378 600 2145 1945 1603 1488 1102 2032 2437 2286 417 1602 919 696 1860 747 11 790 1723
812_D,1674 211 1519 2492 300 99 600 378 2145 1945 1603 1488 1102 2032 2437 2286 417 919 1602 696 1860 747 11 790 1723
816_A,2438 1978 2305 1338 234 611 2326 1383 2311 1125 1342 1392 178 1898 1332 1387 1999 1066 1773 641 96 1730 1078 488 791
816_B,2438 1978 2305 611 234 1338 2326 1383 2311 1392 1342 1125 1898 178 1332 1387 1999 1066 1773 1730 641 96 587 761 488
816_C,2438 1978 2305 611 234 1338 2326 1383 2311 1125 1392 1342 1898 178 1332 1387 1999 1066 1773 641 96 1730 488 1078 587
817_A,2353 1883 2450 305 2332 2103 1788 1175 396 2197 2388 877 1678 828 881 1357 535 2302 2204 700 1668 2397 982 833 1780
817_B,2353 1883 305 2450 2332 2103 1788 1175 396 2197 2388 877 1678 828 881 1357 2302 535 2204 2397 1668 982 1780 700 110
817_C,2353 1883 305 2450 2332 2103 1788 1175 396 2197 2388 877 1678 828 881 1357 2302 535 2204 2397 1668 982 1780 700 110
826_A,2350 1035 1404 2187 2002 2481 1628 1051 2574 2200 1845 198 1983 955 394 2288 2272 2125 964 544 2055 2133 565 1750 2335
826_B,1035 1404 2350 2002 2187 2481 2574 955 394 198 1845 1628 2288 1750 565 1983 1051 2200 189 2335 2125 1708 2133 2525 2000
826_C,2002 1035 2350 1404 2187 955 394 2288 2481 1750 1708 2525 2055 2335 1983 2476 2000 2200 2405 1334 2133 565 1359 189 1845
836_B,1769 1260 463 1000 603 2543 1770 635 248 953 343 678 1594 1517 1307 1329 924 2373 1362 1193 2344 2331 2196 1932 2510
836_C,1769 1260 1000 463 603 2543 635 1770 248 678 953 343 1517 1594 1307 1329 2196 1362 70 1193 924 2331 892 2510 2095
836_D,1769 1260 1000 463 603 2543 635 1770 248 678 953 343 1594 1517 1307 1329 2196 1362 70 1193 2331 924 892 2510 2095
839_A,1880 84 1660 214 1828 2562 1365 2237 2185 1468 2030 1682 1667 227 720 2381 981 1981 1590 2298 2584 2375 1372 1064 1601
839_B,214 1880 84 1660 1828 2562 720 1365 1682 2237 1468 2030 2185 2381 227 228 1667 981 1590 1981 2375 2298 1064 1372 1518
839_C,1880 1660 84 1828 2562 214 1365 2185 2237 1468 2030 1682 1667 227 981 1981 2584 2381 2298 1590 1601 2375 1372 1064 1124
844_A,307 1706 1194 342 1851 700 2423 97 1176 1668 1926 1886 2302 615 1970 2040 2283 1446 1967 449 2486 1960 1698 1217 1357
844_B,307 1706 1194 342 700 1851 1176 2423 1926 97 1668 1886 2302 2040 615 1970 2283 1446 1967 449 2486 1698 1960 1899 1217
844_D,307 1706 1194 342 700 1851 1176 1926 2423 97 1668 1886 2302 2040 2283 615 1970 1446 1967 449 2486 1698 1899 1217 1960
845_B,1970 2189 1851 97 517 2423 1176 1192 480 1279 219 342 1886 1539 0 2486 2394 646 1931 1791 595 423 1194 2455 1960
845_C,1970 2189 1851 97 517 2423 1176 1192 480 1279 219 1886 342 1539 0 2486 2394 646 1931 1791 595 423 1194 2455 1960
845_D,1970 2189 1851 97 517 2423 1176 480 219 1192 0 1279 1539 1886 342 2486 2394 646 1791 1931 595 1960 423 640 415
856_B,450 207 2231 1442 1837 816 2348 2056 648 1545 1608 910 313 2241 555 2025 338 1783 1903 1959 870 1712 2007 1927 2337
856_C,450 207 2231 1442 1837 816 2348 2056 648 1545 910 1608 313 2025 2241 555 338 1783 1903 1712 1959 870 2337 2007 1927
856_D,450 207 2231 1442 1837 816 2348 2056 648 1608 1545 910 2025 313 2241 338 1783 555 1959 1903 1927 1370 2337 1712 690
862_A,1291 337 1776 244 1691 57 2573 1108 391 1417 1234 471 1113 771 1266 1324 2380 1312 930 512 1889 1146 1214 2497 2491
862_B,1291 337 1776 244 1691 57 2573 1108 1234 771 1417 471 1266 391 1113 512 2380 1324 930 1146 1312 1889 2497 370 1268
862_D,244 1691 1776 337 1598 1494 540 1291 57 1020 1694 1324 1417 471 2573 966 1266 1146 771 370 967 1454 74 512 1254
874_A,718 2466 1450 501 809 605 2455 1819 1738 404 2031 2115 1401 1892 155 514 1646 2230 357 1676 1733 1918 1854 1192 221
874_B,809 501 1450 2466 2455 718 404 1738 1819 605 2031 155 514 2115 862 1401 357 1646 2236 129 644 1864 1733 787 1997
874_D,1450 2455 809 501 2466 718 1819 605 862 2031 357 1864 1892 1733 252 1252 1470 2115 2230 105 1791 219 221 1918 2521
878_A,1016 2565 1428 22 2375 2546 2327 2321 2402 874 45 2395 1317 1556 1474 1938 1457 358 1244 222 1708 1760 60 539 711
878_C,2375 1428 1016 2565 2546 22 2395 2321 2327 2402 45 1474 1556 1938 358 1317 874 711 2053 60 1103 815 1760 980 1244
878_D,2375 1428 2565 2321 1016 2546 2395 22 2327 2402 45 1474 1317 1556 358 1938 1244 711 222 874 1760 2053 815 2109 60
885_A,1877 2355 1007 1687 926 1399 2261 515 226 1180 1370 801 551 740 95 805 537 193 92 2210 2026 411 1348 1242 2432
885_C,2355 1687 1007 1399 926 1877 2261 801 396 92 411 2210 537 95 1640 2572 2026 860 821 1836 515 805 1370 1242 226
885_D,2355 1007 926 1687 2161 1399 1877 2569 374 2261 764 801 537 270 789 1370 860 95 2210 193 515 2432 1348 2026 805
910_B,107 583 2143 220 1911 911 2567 2256 974 373 1800 1444 1004 969 2131 879 577 1345 160 34 657 1084 1597 593 2488
910_C,107 2143 1911 583 911 220 2567 373 2256 974 1800 1004 1444 969 2131 879 1345 577 34 657 160 593 1084 1606 2488
910_D,107 2143 583 1911 220 2567 911 974 2256 1800 373 2131 1444 879 1004 969 1345 34 160 2488 1597 577 657 1084 1639
919_A,391 902 1113 2487 1108 1137 1127 1291 2445 32 876 446 948 729 1308 1510 1346 1214 2135 144 486 1417 909 1172 1562
919_C,391 1113 902 2487 1127 1137 1108 1291 32 2445 876 446 1308 1214 1510 486 729 948 1346 1543 1417 909 2135 1562 144
919_D,391 1113 902 2487 1127 1137 1108 1291 32 2445 876 1510 1308 446 1214 948 729 486 1346 1543 1562 1417 909 2135 1944
929_B,1535 2068 2142 418 1871 1904 2479 2549 2240 1606 1755 1421 2372 1024 2277 2256 1432 2581 628 261 320 1549 1256 2411 838
929_C,1535 2142 2068 418 1871 1904 2479 2549 2240 1606 1421 1024 1755 2277 2372 261 2256 1432 2581 628 320 1549 1256 2411 2088
929_D,1535 2068 2142 418 1871 1904 2479 2549 2240 1606 1755 1024 2372 1421 2277 628 2581 2411 2256 1432 261 1549 1256 320 2088
951_B,706 1507 1005 2181 1672 1345 1516 1054 1941 328 1963 2306 2518 1084 1336 657 2532 1361 15 1510 2488 1862 1900 2135 1856
951_C,706 1507 1005 2181 1672 1516 1345 1941 1054 2306 1963 328 2518 1084 657 1336 2532 15 2488 1361 1862 1510 1856 2135 1900
951_D,706 1507 1005 2181 1672 1516 1345 1054 1941 2306 328 1963 2518 657 1084 15 2532 1336 2488 1862 1361 1510 1856 2135 1795
953_A,81 1058 2016 1198 1582 2252 2386 936 523 1293 2376 1240 2317 1552 834 1115 1716 1394 1164 558 2220 1354 753 1213 2472
953_C,81 1058 1198 2016 1582 2252 2386 936 523 1293 2376 1240 2317 1716 834 1115 1164 1552 558 1394 753 2220 1354 1213 2284
953_D,81 1198 1058 2016 1582 2386 2252 523 936 1240 1293 2376 2317 1164 1716 1115 1552 753 834 1394 558 1354 2220 218 2472
969_A,1471 2185 2119 2315 2165 1937 134 1231 621 2019 602 1400 1031 1597 664 2237 2562 82 2217 160 1435 941 1930 2577 1245
969_B,1471 2185 2119 2315 2165 134 1937 1231 2019 2237 602 1400 621 664 2562 1597 2217 941 1031 1435 160 1930 1981 82 2318
969_C,1471 2119 2185 134 2315 2165 602 1031 621 1597 1937 2019 160 1245 2217 82 748 795 1135 1231 1923 433 2562 1600 1400
